<studentcareer> 
<daohang>
<id>5</id>
<name>亚洲情色</name>
</daohang>
<daohang>
<id>6</id>
<name>制服师生</name>
</daohang>
<daohang>
<id>7</id>
<name>卡通动漫</name>
</daohang>
<daohang>
<id>8</id>
<name>强奸乱伦</name>
</daohang>
<daohang>
<id>16</id>
<name>偷拍自拍</name>
</daohang>
<daohang>
<id>17</id>
<name>三级伦理</name>
</daohang>
<daohang>
<id>18</id>
<name>中文字幕</name>
</daohang>
<daohang>
<id>19</id>
<name>人妻熟女</name>
</daohang>
<daohang>
<id>20</id>
<name>无码专区</name>
</daohang>
<daohang>
<id>21</id>
<name>欧美性爱</name>
</daohang>
<daohang>
<id>22</id>
<name>VR资源</name>
</daohang>
<daohang>
<id>23</id>
<name>JAV高清</name>
</daohang>
</studentcareer>